{"graphics": [[2, 10, 277, 5.626262626262627], [2, 4, 278, 6.041666666666667], [2, 4, 279, 7.060606060606061], [2, 10, 282, 5.688172043010752], [2, 10, 283, 7.555555555555554]], "cpu": [[null, null, null, null], [null, null, null, null], [null, null, null, null], [null, null, null, null], [null, null, null, null]], "ssd": [[2, 4, 184, 8.611111111111112], [2, 7, 177, 6.458333333333334], [2, 2, 178, 5.798245614035087], [2, 1, 183, 5.798245614035087], [2, 3, 180, 5.444444444444445]], "ram": [[2, 5, 95, 7.616666666666667], [2, 5, 88, 6.19047619047619], [2, 8, 92, 6.19047619047619], [2, 8, 91, 6], [2, 4, 89, 5.382352941176471]], "screen": [[null, null, null, null], [null, null, null, null], [null, null, null, null], [null, null, null, null], [null, null, null, null]], "hdd": [[2, 5, 157, 7.616666666666667], [2, 5, 159, 6.19047619047619], [2, 8, 160, 6.19047619047619], [2, 8, 158, 6], [2, 4, 158, 5.382352941176471]]}